Year, kWh, kvarh, "Peak kW", "peak kVA", "Losses kWh", "Losses kvarh", "Peak Losses kW"
1, 12207034.18205, 5829214.11298963, 6578.25976780126, 7318.16910330298, 351293.909294282, 921966.922756763, 224.180327875437
