Year, kWh, kvarh, "Peak kW", "peak kVA", "Losses kWh", "Losses kvarh", "Peak Losses kW"
1, 13928032.1097068, 6667184.04738105, 7162.69430775132, 7980.45065343286, 407833.132302632, 1137878.16416368, 259.090797136051
