Year, kWh, kvarh, "Peak kW", "peak kVA", "Losses kWh", "Losses kvarh", "Peak Losses kW"
1, 26135068.6302043, 12496396.4132651, 7162.69430775132, 7980.45065343286, 759127.077151316, 2059845.25292663, 259.090797136051
