Year, "kWh", "kvarh", "Max kW", "Max kVA", "Zone kWh", "Zone kvarh", "Zone Max kW", "Zone Max kVA", "Overload kWh Normal", "Overload kWh Emerg", "Load EEN", "Load UE", "Zone Losses kWh", "Zone Losses kvarh", "Zone Max kW Losses", "Zone Max kvar Losses", "Load Losses kWh", "Load Losses kvarh", "No Load Losses kWh", "No Load Losses kvarh", "Max kW Load Losses", "Max kW No Load Losses", "Line Losses", "Transformer Losses", "Line Mode Line Losses", "Zero Mode Line Losses", "3-phase Line Losses", "1- and 2-phase Line Losses", "Gen kWh", "Gen kvarh", "Gen Max kW", "Gen Max kVA", "12.5 kV Losses", "0.415 kV Losses", "Aux1", "Aux6", "Aux11", "Aux16", "Aux21", "12.5 kV Line Loss", "0.415 kV Line Loss", "Aux2", "Aux7", "Aux12", "Aux17", "Aux22", "12.5 kV Load Loss", "0.415 kV Load Loss", "Aux3", "Aux8", "Aux13", "Aux18", "Aux23", "12.5 kV No Load Loss", "0.415 kV No Load Loss", "Aux4", "Aux9", "Aux14", "Aux19", "Aux24", "12.5 kV Load Energy", "0.415 kV Load Energy", "Aux5", "Aux10", "Aux15", "Aux20", "Aux25"
1, 26067918.1754321 , 11567241.1749766 , 7124.36340872443 , 7725.83375906557 , 25375924.225412 , 10436628.7604334 , 6903.60421074284 , 7386.73372663102 , 3124.57507519782 , 33.7273680462762 , 4524.28905923513 , 33.7006765867179 , 691976.621906825 , 1130690.01280044 , 220.759898041233 , 361.064033764961 , 316314.183210331 , 379365.13540747 , 375662.438696486 , 751324.877392972 , 180.919247657778 , 44.1730850238806 , 200929.751812315 , 491046.870094504 , 131062.824109487 , 8396.66765635941 , 139459.491656504 , 61470.2601558105 , 0 , 0 , 0 , 0 , 656990.453448589 , 34986.1684582295 , 0 , 0 , 0 , 0 , 0 , 165943.583354086 , 34986.1684582295 , 0 , 0 , 0 , 0 , 0 , 115384.431398016 , 0 , 0 , 0 , 0 , 0 , 0 , 375662.438696486 , 0 , 0 , 0 , 0 , 0 , 0 , 0 , 25375924.225412 , 0 , 0 , 0 , 0 , 0 
